projection_scope,projection_scope_label,tournament_name,display_date,selected_stats,projection_model,projection_model_label,weather_enabled,weather_am_wave_adjustment_per_round,weather_pm_wave_adjustment_per_round,weather_wind_volatility_multiplier,player_name,normalized_player_name,score_display,score_number,round_display,round_number,thru,started_on_back_nine,player_state,current_hole,remaining_current_scope,remaining_current_round,remaining_future_rounds,rounds_remaining_after_current,remaining_holes,remaining_par3_count,remaining_par4_count,remaining_par5_count,win_tie_pct_display,win_probability,win_solo_probability,tie_for_lead_probability,win_tie_probability,fair_value_yes_cents,group_size,group_win_probability,group_win_tie_probability,group_fair_value_cents,group_place_1_probability,group_place_2_probability,group_place_3_probability,group_place_4_probability,top_20_dead_heat_probability,top_20_raw_probability,top_10_dead_heat_probability,top_10_raw_probability,top_5_dead_heat_probability,top_5_raw_probability,expected_final_score_display,expected_final_score_number,baseline_remaining,total_par_adjustment,total_sg_adjustment,total_adjustment,playoff_sg_rating,weather_player_wave,weather_adjustment,score_input_total,score_input_total_source,score_input_round,score_input_round_source,score_input_completed_holes,score_input_completed_holes_source,par3_scoring_avg_value,par3_scoring_avg_source,par3_scoring_avg_field_mean,par4_scoring_avg_value,par4_scoring_avg_source,par4_scoring_avg_field_mean,par5_scoring_avg_value,par5_scoring_avg_source,par5_scoring_avg_field_mean,sg_total_value,sg_total_source,sg_total_field_mean,sg_t2g_value,sg_t2g_source,sg_t2g_field_mean,sg_ott_value,sg_ott_source,sg_ott_field_mean,sg_app_value,sg_app_source,sg_app_field_mean,sg_arg_value,sg_arg_source,sg_arg_field_mean,sg_putt_value,sg_putt_source,sg_putt_field_mean
tournament,Tournament,Truist Championship,"May 7 - 10, 2026",course_hole_model|par3_scoring_avg|par4_scoring_avg|par5_scoring_avg|sg_ott|sg_t2g|sg_app,standard,Standard Model,false,0,0,1,Cameron Young,cameron young,E,0,E,0,0,false,NOT_STARTED,1,72,18,54,3,1|2|3|4|5|6|7|8|9|10|11|12|13|14|15|16|17|18|1|2|3|4|5|6|7|8|9|10|11|12|13|14|15|16|17|18|1|2|3|4|5|6|7|8|9|10|11|12|13|14|15|16|17|18|1|2|3|4|5|6|7|8|9|10|11|12|13|14|15|16|17|18,16,44,12,18.5% / 3.4%,0.184605,0.1645,0.03425,0.19875,18.46,,,,,,,,,0.910667,0.9215,0.737842,0.76075,0.537716,0.566375,-21398.69,-21398.69,0,,,-21398.6894,1485.672561,,0,0,stat_feed,0,stat_feed,0,stat_feed,2.92,stat_feed,3.0684,3.92,stat_feed,4.0243,4.58,stat_feed,4.5947,2.5247,stat_feed,-0.3469,2.0717,stat_feed,-1781.4574,0.9437,stat_feed,-1781.2519,0.7795,stat_feed,-1781.3827,0.3486,stat_feed,-1781.2196,0.4789,stat_feed,-1781.2296
tournament,Tournament,Truist Championship,"May 7 - 10, 2026",course_hole_model|par3_scoring_avg|par4_scoring_avg|par5_scoring_avg|sg_ott|sg_t2g|sg_app,standard,Standard Model,false,0,0,1,Matt Fitzpatrick,matt fitzpatrick,E,0,E,0,0,false,NOT_STARTED,1,72,18,54,3,1|2|3|4|5|6|7|8|9|10|11|12|13|14|15|16|17|18|1|2|3|4|5|6|7|8|9|10|11|12|13|14|15|16|17|18|1|2|3|4|5|6|7|8|9|10|11|12|13|14|15|16|17|18|1|2|3|4|5|6|7|8|9|10|11|12|13|14|15|16|17|18,16,44,12,16.5% / 2.9%,0.165476,0.149125,0.028625,0.17775,16.55,,,,,,,,,0.902032,0.9115,0.73073,0.75425,0.518611,0.545625,-21398.38,-21398.38,0,,,-21398.3818,1485.632472,,0,0,stat_feed,0,stat_feed,0,stat_feed,2.99,stat_feed,3.0684,3.94,stat_feed,4.0243,4.47,stat_feed,4.5947,2.302,stat_feed,-0.3469,2.2149,stat_feed,-1781.4574,0.7294,stat_feed,-1781.2519,0.9436,stat_feed,-1781.3827,0.5418,stat_feed,-1781.2196,0.1748,stat_feed,-1781.2296
tournament,Tournament,Truist Championship,"May 7 - 10, 2026",course_hole_model|par3_scoring_avg|par4_scoring_avg|par5_scoring_avg|sg_ott|sg_t2g|sg_app,standard,Standard Model,false,0,0,1,Si Woo Kim,si woo kim,E,0,E,0,0,false,NOT_STARTED,1,72,18,54,3,1|2|3|4|5|6|7|8|9|10|11|12|13|14|15|16|17|18|1|2|3|4|5|6|7|8|9|10|11|12|13|14|15|16|17|18|1|2|3|4|5|6|7|8|9|10|11|12|13|14|15|16|17|18|1|2|3|4|5|6|7|8|9|10|11|12|13|14|15|16|17|18,16,44,12,11.9% / 2.3%,0.119434,0.108375,0.02325,0.131625,11.94,,,,,,,,,0.857204,0.875,0.651863,0.67575,0.436081,0.463,-21396.77,-21396.77,0,,,-21396.7656,1485.433007,,0,0,stat_feed,0,stat_feed,0,stat_feed,2.99,stat_feed,3.0684,3.93,stat_feed,4.0243,4.55,stat_feed,4.5947,1.93,stat_feed,-0.3469,1.9802,stat_feed,-1781.4574,0.6616,stat_feed,-1781.2519,0.9722,stat_feed,-1781.3827,0.3463,stat_feed,-1781.2196,-0.1805,stat_feed,-1781.2296
tournament,Tournament,Truist Championship,"May 7 - 10, 2026",course_hole_model|par3_scoring_avg|par4_scoring_avg|par5_scoring_avg|sg_ott|sg_t2g|sg_app,standard,Standard Model,false,0,0,1,Xander Schauffele,xander schauffele,E,0,E,0,0,false,NOT_STARTED,1,72,18,54,3,1|2|3|4|5|6|7|8|9|10|11|12|13|14|15|16|17|18|1|2|3|4|5|6|7|8|9|10|11|12|13|14|15|16|17|18|1|2|3|4|5|6|7|8|9|10|11|12|13|14|15|16|17|18|1|2|3|4|5|6|7|8|9|10|11|12|13|14|15|16|17|18,16,44,12,8.8% / 1.8%,0.087729,0.078875,0.0175,0.096375,8.77,,,,,,,,,0.797801,0.819375,0.558539,0.584,0.344467,0.368125,-21395.35,-21395.35,0,,,-21395.3536,1485.493008,,0,0,stat_feed,0,stat_feed,0,stat_feed,3.09,stat_feed,3.0684,3.94,stat_feed,4.0243,4.48,stat_feed,4.5947,2.1104,stat_feed,-0.3469,1.8038,stat_feed,-1781.4574,0.7563,stat_feed,-1781.2519,1.0008,stat_feed,-1781.3827,0.0467,stat_feed,-1781.2196,0.3518,stat_feed,-1781.2296
tournament,Tournament,Truist Championship,"May 7 - 10, 2026",course_hole_model|par3_scoring_avg|par4_scoring_avg|par5_scoring_avg|sg_ott|sg_t2g|sg_app,standard,Standard Model,false,0,0,1,Ludvig Åberg,ludvig aberg,E,0,E,0,0,false,NOT_STARTED,1,72,18,54,3,1|2|3|4|5|6|7|8|9|10|11|12|13|14|15|16|17|18|1|2|3|4|5|6|7|8|9|10|11|12|13|14|15|16|17|18|1|2|3|4|5|6|7|8|9|10|11|12|13|14|15|16|17|18|1|2|3|4|5|6|7|8|9|10|11|12|13|14|15|16|17|18,16,44,12,7.4% / 1.8%,0.07369,0.064625,0.01775,0.082375,7.37,,,,,,,,,0.784005,0.804625,0.535153,0.562,0.327338,0.352,-21394.79,-21394.79,0,,,-21394.7861,1485.478211,,0,0,stat_feed,0,stat_feed,0,stat_feed,2.95,stat_feed,3.0684,3.98,stat_feed,4.0243,4.48,stat_feed,4.5947,1.9291,stat_feed,-0.3469,1.8459,stat_feed,-1781.4574,0.6133,stat_feed,-1781.2519,0.8399,stat_feed,-1781.3827,0.3927,stat_feed,-1781.2196,0.3602,stat_feed,-1781.2296
tournament,Tournament,Truist Championship,"May 7 - 10, 2026",course_hole_model|par3_scoring_avg|par4_scoring_avg|par5_scoring_avg|sg_ott|sg_t2g|sg_app,standard,Standard Model,false,0,0,1,Adam Scott,adam scott,E,0,E,0,0,false,NOT_STARTED,1,72,18,54,3,1|2|3|4|5|6|7|8|9|10|11|12|13|14|15|16|17|18|1|2|3|4|5|6|7|8|9|10|11|12|13|14|15|16|17|18|1|2|3|4|5|6|7|8|9|10|11|12|13|14|15|16|17|18|1|2|3|4|5|6|7|8|9|10|11|12|13|14|15|16|17|18,16,44,12,5.0% / 1.2%,0.049552,0.044375,0.01175,0.056125,4.96,,,,,,,,,0.716995,0.739,0.459877,0.487375,0.259629,0.282,-21393.42,-21393.42,0,,,-21393.4244,1485.322994,,0,0,stat_feed,0,stat_feed,0,stat_feed,2.93,stat_feed,3.0684,4.02,stat_feed,4.0243,4.47,stat_feed,4.5947,1.6246,stat_feed,-0.3469,1.7277,stat_feed,-1781.4574,0.4202,stat_feed,-1781.2519,1.1408,stat_feed,-1781.3827,0.1668,stat_feed,-1781.2196,-0.0304,stat_feed,-1781.2296
tournament,Tournament,Truist Championship,"May 7 - 10, 2026",course_hole_model|par3_scoring_avg|par4_scoring_avg|par5_scoring_avg|sg_ott|sg_t2g|sg_app,standard,Standard Model,false,0,0,1,Jake Knapp,jake knapp,E,0,E,0,0,false,NOT_STARTED,1,72,18,54,3,1|2|3|4|5|6|7|8|9|10|11|12|13|14|15|16|17|18|1|2|3|4|5|6|7|8|9|10|11|12|13|14|15|16|17|18|1|2|3|4|5|6|7|8|9|10|11|12|13|14|15|16|17|18|1|2|3|4|5|6|7|8|9|10|11|12|13|14|15|16|17|18,16,44,12,3.7% / 0.8%,0.037455,0.0335,0.008125,0.041625,3.75,,,,,,,,,0.680252,0.7085,0.409062,0.4375,0.214673,0.2345,-21392.59,-21392.59,0,,,-21392.5909,1485.385644,,0,0,stat_feed,0,stat_feed,0,stat_feed,3.06,stat_feed,3.0684,3.96,stat_feed,4.0243,4.29,stat_feed,4.5947,2.1013,stat_feed,-0.3469,1.2518,stat_feed,-1781.4574,0.5571,stat_feed,-1781.2519,0.5914,stat_feed,-1781.3827,0.1034,stat_feed,-1781.2196,0.8207,stat_feed,-1781.2296
tournament,Tournament,Truist Championship,"May 7 - 10, 2026",course_hole_model|par3_scoring_avg|par4_scoring_avg|par5_scoring_avg|sg_ott|sg_t2g|sg_app,standard,Standard Model,false,0,0,1,Rory McIlroy,rory mcilroy,E,0,E,0,0,false,NOT_STARTED,1,72,18,54,3,1|2|3|4|5|6|7|8|9|10|11|12|13|14|15|16|17|18|1|2|3|4|5|6|7|8|9|10|11|12|13|14|15|16|17|18|1|2|3|4|5|6|7|8|9|10|11|12|13|14|15|16|17|18|1|2|3|4|5|6|7|8|9|10|11|12|13|14|15|16|17|18,16,44,12,3.7% / 0.9%,0.037483,0.032625,0.00875,0.041375,3.75,,,,,,,,,0.660751,0.68425,0.397284,0.421375,0.20805,0.228125,-21392.32,-21392.32,0,,,-21392.3194,1485.647144,,0,0,stat_feed,0,stat_feed,0,stat_feed,3.0684,field_mean_fallback,3.0684,4.0243,field_mean_fallback,4.0243,4.5947,field_mean_fallback,4.5947,2.2624,stat_feed,-0.3469,2.256,stat_feed,-1781.4574,1.0098,stat_feed,-1781.2519,0.722,stat_feed,-1781.3827,0.5241,stat_feed,-1781.2196,0.2204,stat_feed,-1781.2296
tournament,Tournament,Truist Championship,"May 7 - 10, 2026",course_hole_model|par3_scoring_avg|par4_scoring_avg|par5_scoring_avg|sg_ott|sg_t2g|sg_app,standard,Standard Model,false,0,0,1,Patrick Cantlay,patrick cantlay,E,0,E,0,0,false,NOT_STARTED,1,72,18,54,3,1|2|3|4|5|6|7|8|9|10|11|12|13|14|15|16|17|18|1|2|3|4|5|6|7|8|9|10|11|12|13|14|15|16|17|18|1|2|3|4|5|6|7|8|9|10|11|12|13|14|15|16|17|18|1|2|3|4|5|6|7|8|9|10|11|12|13|14|15|16|17|18,16,44,12,3.0% / 0.9%,0.029542,0.02575,0.008625,0.034375,2.95,,,,,,,,,0.631057,0.657,0.356681,0.381875,0.178587,0.196875,-21391.59,-21391.59,0,,,-21391.59,1485.294672,,0,0,stat_feed,0,stat_feed,0,stat_feed,2.98,stat_feed,3.0684,3.98,stat_feed,4.0243,4.55,stat_feed,4.5947,1.5651,stat_feed,-0.3469,1.7218,stat_feed,-1781.4574,0.5251,stat_feed,-1781.2519,0.5832,stat_feed,-1781.3827,0.6135,stat_feed,-1781.2196,-0.1288,stat_feed,-1781.2296
tournament,Tournament,Truist Championship,"May 7 - 10, 2026",course_hole_model|par3_scoring_avg|par4_scoring_avg|par5_scoring_avg|sg_ott|sg_t2g|sg_app,standard,Standard Model,false,0,0,1,Chris Gotterup,chris gotterup,E,0,E,0,0,false,NOT_STARTED,1,72,18,54,3,1|2|3|4|5|6|7|8|9|10|11|12|13|14|15|16|17|18|1|2|3|4|5|6|7|8|9|10|11|12|13|14|15|16|17|18|1|2|3|4|5|6|7|8|9|10|11|12|13|14|15|16|17|18|1|2|3|4|5|6|7|8|9|10|11|12|13|14|15|16|17|18,16,44,12,2.6% / 0.6%,0.025557,0.02275,0.006125,0.028875,2.56,,,,,,,,,0.57193,0.600625,0.306596,0.33,0.150836,0.165875,-21390.77,-21390.77,0,,,-21390.7658,1485.262258,,0,0,stat_feed,0,stat_feed,0,stat_feed,3.02,stat_feed,3.0684,3.98,stat_feed,4.0243,4.48,stat_feed,4.5947,1.629,stat_feed,-0.3469,1.4133,stat_feed,-1781.4574,0.7455,stat_feed,-1781.2519,0.4152,stat_feed,-1781.3827,0.2526,stat_feed,-1781.2196,0.2298,stat_feed,-1781.2296
tournament,Tournament,Truist Championship,"May 7 - 10, 2026",course_hole_model|par3_scoring_avg|par4_scoring_avg|par5_scoring_avg|sg_ott|sg_t2g|sg_app,standard,Standard Model,false,0,0,1,Min Woo Lee,min woo lee,E,0,E,0,0,false,NOT_STARTED,1,72,18,54,3,1|2|3|4|5|6|7|8|9|10|11|12|13|14|15|16|17|18|1|2|3|4|5|6|7|8|9|10|11|12|13|14|15|16|17|18|1|2|3|4|5|6|7|8|9|10|11|12|13|14|15|16|17|18|1|2|3|4|5|6|7|8|9|10|11|12|13|14|15|16|17|18,16,44,12,1.6% / 0.6%,0.016032,0.0135,0.00625,0.01975,1.6,,,,,,,,,0.531468,0.559,0.269579,0.295625,0.121196,0.1365,-21389.78,-21389.78,0,,,-21389.7791,1485.222525,,0,0,stat_feed,0,stat_feed,0,stat_feed,3,stat_feed,3.0684,3.97,stat_feed,4.0243,4.49,stat_feed,4.5947,1.5628,stat_feed,-0.3469,1.26,stat_feed,-1781.4574,0.6782,stat_feed,-1781.2519,0.2292,stat_feed,-1781.3827,0.3526,stat_feed,-1781.2196,0.3642,stat_feed,-1781.2296
tournament,Tournament,Truist Championship,"May 7 - 10, 2026",course_hole_model|par3_scoring_avg|par4_scoring_avg|par5_scoring_avg|sg_ott|sg_t2g|sg_app,standard,Standard Model,false,0,0,1,Ryo Hisatsune,ryo hisatsune,E,0,E,0,0,false,NOT_STARTED,1,72,18,54,3,1|2|3|4|5|6|7|8|9|10|11|12|13|14|15|16|17|18|1|2|3|4|5|6|7|8|9|10|11|12|13|14|15|16|17|18|1|2|3|4|5|6|7|8|9|10|11|12|13|14|15|16|17|18|1|2|3|4|5|6|7|8|9|10|11|12|13|14|15|16|17|18,16,44,12,1.3% / 0.5%,0.012862,0.01125,0.004625,0.015875,1.29,,,,,,,,,0.495538,0.5235,0.242951,0.26575,0.105773,0.119125,-21389.41,-21389.41,0,,,-21389.4108,1485.093055,,0,0,stat_feed,0,stat_feed,0,stat_feed,3.03,stat_feed,3.0684,3.97,stat_feed,4.0243,4.55,stat_feed,4.5947,1.0898,stat_feed,-0.3469,1.2905,stat_feed,-1781.4574,0.4936,stat_feed,-1781.2519,0.5912,stat_feed,-1781.3827,0.2058,stat_feed,-1781.2196,-0.0007,stat_feed,-1781.2296
tournament,Tournament,Truist Championship,"May 7 - 10, 2026",course_hole_model|par3_scoring_avg|par4_scoring_avg|par5_scoring_avg|sg_ott|sg_t2g|sg_app,standard,Standard Model,false,0,0,1,Hideki Matsuyama,hideki matsuyama,E,0,E,0,0,false,NOT_STARTED,1,72,18,54,3,1|2|3|4|5|6|7|8|9|10|11|12|13|14|15|16|17|18|1|2|3|4|5|6|7|8|9|10|11|12|13|14|15|16|17|18|1|2|3|4|5|6|7|8|9|10|11|12|13|14|15|16|17|18|1|2|3|4|5|6|7|8|9|10|11|12|13|14|15|16|17|18,16,44,12,1.4% / 0.4%,0.014146,0.0125,0.00375,0.01625,1.41,,,,,,,,,0.486526,0.5155,0.234095,0.25725,0.103369,0.11575,-21389.24,-21389.24,0,,,-21389.2423,1485.259555,,0,0,stat_feed,0,stat_feed,0,stat_feed,2.98,stat_feed,3.0684,3.99,stat_feed,4.0243,4.49,stat_feed,4.5947,1.716,stat_feed,-0.3469,1.3227,stat_feed,-1781.4574,-0.0314,stat_feed,-1781.2519,0.8819,stat_feed,-1781.3827,0.4722,stat_feed,-1781.2196,0.3078,stat_feed,-1781.2296
tournament,Tournament,Truist Championship,"May 7 - 10, 2026",course_hole_model|par3_scoring_avg|par4_scoring_avg|par5_scoring_avg|sg_ott|sg_t2g|sg_app,standard,Standard Model,false,0,0,1,Rickie Fowler,rickie fowler,E,0,E,0,0,false,NOT_STARTED,1,72,18,54,3,1|2|3|4|5|6|7|8|9|10|11|12|13|14|15|16|17|18|1|2|3|4|5|6|7|8|9|10|11|12|13|14|15|16|17|18|1|2|3|4|5|6|7|8|9|10|11|12|13|14|15|16|17|18|1|2|3|4|5|6|7|8|9|10|11|12|13|14|15|16|17|18,16,44,12,1.0% / 0.3%,0.00962,0.0085,0.003,0.0115,0.96,,,,,,,,,0.445206,0.474375,0.205021,0.22375,0.082582,0.09525,-21388.41,-21388.41,0,,,-21388.4089,1485.098992,,0,0,stat_feed,0,stat_feed,0,stat_feed,3,stat_feed,3.0684,3.94,stat_feed,4.0243,4.58,stat_feed,4.5947,1.4756,stat_feed,-0.3469,0.8189,stat_feed,-1781.4574,0.418,stat_feed,-1781.2519,0.5279,stat_feed,-1781.3827,-0.1271,stat_feed,-1781.2196,0.5924,stat_feed,-1781.2296
tournament,Tournament,Truist Championship,"May 7 - 10, 2026",course_hole_model|par3_scoring_avg|par4_scoring_avg|par5_scoring_avg|sg_ott|sg_t2g|sg_app,standard,Standard Model,false,0,0,1,Ryan Gerard,ryan gerard,E,0,E,0,0,false,NOT_STARTED,1,72,18,54,3,1|2|3|4|5|6|7|8|9|10|11|12|13|14|15|16|17|18|1|2|3|4|5|6|7|8|9|10|11|12|13|14|15|16|17|18|1|2|3|4|5|6|7|8|9|10|11|12|13|14|15|16|17|18|1|2|3|4|5|6|7|8|9|10|11|12|13|14|15|16|17|18,16,44,12,1.0% / 0.2%,0.010383,0.009625,0.00225,0.011875,1.04,,,,,,,,,0.432011,0.459375,0.19228,0.212125,0.079594,0.089625,-21388.19,-21388.19,0,,,-21388.186,1485.070853,,0,0,stat_feed,0,stat_feed,0,stat_feed,3.06,stat_feed,3.0684,3.97,stat_feed,4.0243,4.49,stat_feed,4.5947,1.4839,stat_feed,-0.3469,0.9088,stat_feed,-1781.4574,0.3515,stat_feed,-1781.2519,0.7488,stat_feed,-1781.3827,-0.1915,stat_feed,-1781.2196,0.2354,stat_feed,-1781.2296
tournament,Tournament,Truist Championship,"May 7 - 10, 2026",course_hole_model|par3_scoring_avg|par4_scoring_avg|par5_scoring_avg|sg_ott|sg_t2g|sg_app,standard,Standard Model,false,0,0,1,Justin Rose,justin rose,E,0,E,0,0,false,NOT_STARTED,1,72,18,54,3,1|2|3|4|5|6|7|8|9|10|11|12|13|14|15|16|17|18|1|2|3|4|5|6|7|8|9|10|11|12|13|14|15|16|17|18|1|2|3|4|5|6|7|8|9|10|11|12|13|14|15|16|17|18|1|2|3|4|5|6|7|8|9|10|11|12|13|14|15|16|17|18,16,44,12,0.7% / 0.3%,0.007323,0.006125,0.003375,0.0095,0.73,,,,,,,,,0.418239,0.44675,0.183571,0.202875,0.076348,0.085125,-21388.05,-21388.05,0,,,-21388.0519,1485.102266,,0,0,stat_feed,0,stat_feed,0,stat_feed,3.1,stat_feed,3.0684,3.95,stat_feed,4.0243,4.58,stat_feed,4.5947,1.3927,stat_feed,-0.3469,1.0654,stat_feed,-1781.4574,0.1659,stat_feed,-1781.2519,0.9542,stat_feed,-1781.3827,-0.0547,stat_feed,-1781.2196,0.2019,stat_feed,-1781.2296
tournament,Tournament,Truist Championship,"May 7 - 10, 2026",course_hole_model|par3_scoring_avg|par4_scoring_avg|par5_scoring_avg|sg_ott|sg_t2g|sg_app,standard,Standard Model,false,0,0,1,Kurt Kitayama,kurt kitayama,E,0,E,0,0,false,NOT_STARTED,1,72,18,54,3,1|2|3|4|5|6|7|8|9|10|11|12|13|14|15|16|17|18|1|2|3|4|5|6|7|8|9|10|11|12|13|14|15|16|17|18|1|2|3|4|5|6|7|8|9|10|11|12|13|14|15|16|17|18|1|2|3|4|5|6|7|8|9|10|11|12|13|14|15|16|17|18,16,44,12,0.9% / 0.3%,0.008589,0.00775,0.002875,0.010625,0.86,,,,,,,,,0.430107,0.4595,0.185983,0.206375,0.07561,0.085625,-21388.05,-21388.05,0,,,-21388.0474,1484.988017,,0,0,stat_feed,0,stat_feed,0,stat_feed,3.04,stat_feed,3.0684,3.95,stat_feed,4.0243,4.69,stat_feed,4.5947,1.0176,stat_feed,-0.3469,0.9906,stat_feed,-1781.4574,0.4578,stat_feed,-1781.2519,0.8259,stat_feed,-1781.3827,-0.2932,stat_feed,-1781.2196,0.041,stat_feed,-1781.2296
tournament,Tournament,Truist Championship,"May 7 - 10, 2026",course_hole_model|par3_scoring_avg|par4_scoring_avg|par5_scoring_avg|sg_ott|sg_t2g|sg_app,standard,Standard Model,false,0,0,1,Tommy Fleetwood,tommy fleetwood,E,0,E,0,0,false,NOT_STARTED,1,72,18,54,3,1|2|3|4|5|6|7|8|9|10|11|12|13|14|15|16|17|18|1|2|3|4|5|6|7|8|9|10|11|12|13|14|15|16|17|18|1|2|3|4|5|6|7|8|9|10|11|12|13|14|15|16|17|18|1|2|3|4|5|6|7|8|9|10|11|12|13|14|15|16|17|18,16,44,12,0.9% / 0.3%,0.008899,0.007625,0.00325,0.010875,0.89,,,,,,,,,0.420535,0.44975,0.190556,0.209375,0.075662,0.08575,-21387.97,-21387.97,0,,,-21387.9699,1485.14411,,0,0,stat_feed,0,stat_feed,0,stat_feed,3.02,stat_feed,3.0684,4,stat_feed,4.0243,4.51,stat_feed,4.5947,1.3442,stat_feed,-0.3469,1.288,stat_feed,-1781.4574,0.5719,stat_feed,-1781.2519,0.3252,stat_feed,-1781.3827,0.391,stat_feed,-1781.2196,0.0562,stat_feed,-1781.2296
tournament,Tournament,Truist Championship,"May 7 - 10, 2026",course_hole_model|par3_scoring_avg|par4_scoring_avg|par5_scoring_avg|sg_ott|sg_t2g|sg_app,standard,Standard Model,false,0,0,1,Jacob Bridgeman,jacob bridgeman,E,0,E,0,0,false,NOT_STARTED,1,72,18,54,3,1|2|3|4|5|6|7|8|9|10|11|12|13|14|15|16|17|18|1|2|3|4|5|6|7|8|9|10|11|12|13|14|15|16|17|18|1|2|3|4|5|6|7|8|9|10|11|12|13|14|15|16|17|18|1|2|3|4|5|6|7|8|9|10|11|12|13|14|15|16|17|18,16,44,12,0.8% / 0.2%,0.007947,0.007375,0.001625,0.009,0.79,,,,,,,,,0.417056,0.44425,0.179061,0.196125,0.07481,0.084125,-21387.74,-21387.74,0,,,-21387.7448,1485.223162,,0,0,stat_feed,0,stat_feed,0,stat_feed,3.03,stat_feed,3.0684,3.95,stat_feed,4.0243,4.5,stat_feed,4.5947,1.8116,stat_feed,-0.3469,0.7954,stat_feed,-1781.4574,0.2084,stat_feed,-1781.2519,0.5849,stat_feed,-1781.3827,0.0021,stat_feed,-1781.2196,1.0483,stat_feed,-1781.2296
tournament,Tournament,Truist Championship,"May 7 - 10, 2026",course_hole_model|par3_scoring_avg|par4_scoring_avg|par5_scoring_avg|sg_ott|sg_t2g|sg_app,standard,Standard Model,false,0,0,1,Sam Stevens,sam stevens,E,0,E,0,0,false,NOT_STARTED,1,72,18,54,3,1|2|3|4|5|6|7|8|9|10|11|12|13|14|15|16|17|18|1|2|3|4|5|6|7|8|9|10|11|12|13|14|15|16|17|18|1|2|3|4|5|6|7|8|9|10|11|12|13|14|15|16|17|18|1|2|3|4|5|6|7|8|9|10|11|12|13|14|15|16|17|18,16,44,12,0.8% / 0.4%,0.008318,0.007,0.003875,0.010875,0.83,,,,,,,,,0.410742,0.439,0.176908,0.195,0.074277,0.08325,-21387.71,-21387.71,0,,,-21387.7131,1484.996617,,0,0,stat_feed,0,stat_feed,0,stat_feed,3.06,stat_feed,3.0684,3.96,stat_feed,4.0243,4.58,stat_feed,4.5947,1.0508,stat_feed,-0.3469,1.0333,stat_feed,-1781.4574,0.5484,stat_feed,-1781.2519,0.4692,stat_feed,-1781.3827,0.0157,stat_feed,-1781.2196,-0.0258,stat_feed,-1781.2296
tournament,Tournament,Truist Championship,"May 7 - 10, 2026",course_hole_model|par3_scoring_avg|par4_scoring_avg|par5_scoring_avg|sg_ott|sg_t2g|sg_app,standard,Standard Model,false,0,0,1,Sepp Straka,sepp straka,E,0,E,0,0,false,NOT_STARTED,1,72,18,54,3,1|2|3|4|5|6|7|8|9|10|11|12|13|14|15|16|17|18|1|2|3|4|5|6|7|8|9|10|11|12|13|14|15|16|17|18|1|2|3|4|5|6|7|8|9|10|11|12|13|14|15|16|17|18|1|2|3|4|5|6|7|8|9|10|11|12|13|14|15|16|17|18,16,44,12,0.6% / 0.4%,0.005639,0.00425,0.003625,0.007875,0.56,,,,,,,,,0.402437,0.43075,0.166816,0.187375,0.063423,0.07075,-21387.66,-21387.66,0,,,-21387.6608,1485.114724,,0,0,stat_feed,0,stat_feed,0,stat_feed,2.96,stat_feed,3.0684,4.03,stat_feed,4.0243,4.56,stat_feed,4.5947,1.081,stat_feed,-0.3469,1.2659,stat_feed,-1781.4574,0.2215,stat_feed,-1781.2519,0.8603,stat_feed,-1781.3827,0.1841,stat_feed,-1781.2196,0.1873,stat_feed,-1781.2296
tournament,Tournament,Truist Championship,"May 7 - 10, 2026",course_hole_model|par3_scoring_avg|par4_scoring_avg|par5_scoring_avg|sg_ott|sg_t2g|sg_app,standard,Standard Model,false,0,0,1,Akshay Bhatia,akshay bhatia,E,0,E,0,0,false,NOT_STARTED,1,72,18,54,3,1|2|3|4|5|6|7|8|9|10|11|12|13|14|15|16|17|18|1|2|3|4|5|6|7|8|9|10|11|12|13|14|15|16|17|18|1|2|3|4|5|6|7|8|9|10|11|12|13|14|15|16|17|18|1|2|3|4|5|6|7|8|9|10|11|12|13|14|15|16|17|18,16,44,12,0.7% / 0.2%,0.006948,0.00625,0.001875,0.008125,0.69,,,,,,,,,0.398254,0.42625,0.173418,0.192375,0.06848,0.078125,-21387.45,-21387.45,0,,,-21387.4543,1485.190791,,0,0,stat_feed,0,stat_feed,0,stat_feed,3.05,stat_feed,3.0684,3.93,stat_feed,4.0243,4.56,stat_feed,4.5947,1.5169,stat_feed,-0.3469,0.8736,stat_feed,-1781.4574,-0.106,stat_feed,-1781.2519,0.7885,stat_feed,-1781.3827,0.1911,stat_feed,-1781.2196,0.9924,stat_feed,-1781.2296
tournament,Tournament,Truist Championship,"May 7 - 10, 2026",course_hole_model|par3_scoring_avg|par4_scoring_avg|par5_scoring_avg|sg_ott|sg_t2g|sg_app,standard,Standard Model,false,0,0,1,Alex Smalley,alex smalley,E,0,E,0,0,false,NOT_STARTED,1,72,18,54,3,1|2|3|4|5|6|7|8|9|10|11|12|13|14|15|16|17|18|1|2|3|4|5|6|7|8|9|10|11|12|13|14|15|16|17|18|1|2|3|4|5|6|7|8|9|10|11|12|13|14|15|16|17|18|1|2|3|4|5|6|7|8|9|10|11|12|13|14|15|16|17|18,16,44,12,0.7% / 0.3%,0.007106,0.006,0.00325,0.00925,0.71,,,,,,,,,0.382072,0.40925,0.170051,0.186875,0.065553,0.074,-21387.43,-21387.43,0,,,-21387.4349,1485.04445,,0,0,stat_feed,0,stat_feed,0,stat_feed,3.08,stat_feed,3.0684,3.96,stat_feed,4.0243,4.53,stat_feed,4.5947,1.108,stat_feed,-0.3469,1.0198,stat_feed,-1781.4574,0.2235,stat_feed,-1781.2519,0.6679,stat_feed,-1781.3827,0.1284,stat_feed,-1781.2196,0.2308,stat_feed,-1781.2296
tournament,Tournament,Truist Championship,"May 7 - 10, 2026",course_hole_model|par3_scoring_avg|par4_scoring_avg|par5_scoring_avg|sg_ott|sg_t2g|sg_app,standard,Standard Model,false,0,0,1,Pierceson Coody,pierceson coody,E,0,E,0,0,false,NOT_STARTED,1,72,18,54,3,1|2|3|4|5|6|7|8|9|10|11|12|13|14|15|16|17|18|1|2|3|4|5|6|7|8|9|10|11|12|13|14|15|16|17|18|1|2|3|4|5|6|7|8|9|10|11|12|13|14|15|16|17|18|1|2|3|4|5|6|7|8|9|10|11|12|13|14|15|16|17|18,16,44,12,0.7% / 0.2%,0.006705,0.005875,0.002375,0.00825,0.67,,,,,,,,,0.371935,0.398625,0.15291,0.169375,0.058348,0.066375,-21387.19,-21387.19,0,,,-21387.1871,1484.91133,,0,0,stat_feed,0,stat_feed,0,stat_feed,2.99,stat_feed,3.0684,3.99,stat_feed,4.0243,4.57,stat_feed,4.5947,0.9554,stat_feed,-0.3469,0.7861,stat_feed,-1781.4574,0.6009,stat_feed,-1781.2519,0.5524,stat_feed,-1781.3827,-0.3671,stat_feed,-1781.2196,0.0521,stat_feed,-1781.2296
tournament,Tournament,Truist Championship,"May 7 - 10, 2026",course_hole_model|par3_scoring_avg|par4_scoring_avg|par5_scoring_avg|sg_ott|sg_t2g|sg_app,standard,Standard Model,false,0,0,1,J.J. Spaun,jj spaun,E,0,E,0,0,false,NOT_STARTED,1,72,18,54,3,1|2|3|4|5|6|7|8|9|10|11|12|13|14|15|16|17|18|1|2|3|4|5|6|7|8|9|10|11|12|13|14|15|16|17|18|1|2|3|4|5|6|7|8|9|10|11|12|13|14|15|16|17|18|1|2|3|4|5|6|7|8|9|10|11|12|13|14|15|16|17|18,16,44,12,0.6% / 0.2%,0.005854,0.005125,0.00225,0.007375,0.59,,,,,,,,,0.351644,0.3765,0.142066,0.1595,0.054567,0.061125,-21386.75,-21386.75,0,,,-21386.7478,1484.952487,,0,0,stat_feed,0,stat_feed,0,stat_feed,3.02,stat_feed,3.0684,4.04,stat_feed,4.0243,4.57,stat_feed,4.5947,0.761,stat_feed,-0.3469,1.3003,stat_feed,-1781.4574,0.3833,stat_feed,-1781.2519,0.8159,stat_feed,-1781.3827,0.1011,stat_feed,-1781.2196,-0.5349,stat_feed,-1781.2296
tournament,Tournament,Truist Championship,"May 7 - 10, 2026",course_hole_model|par3_scoring_avg|par4_scoring_avg|par5_scoring_avg|sg_ott|sg_t2g|sg_app,standard,Standard Model,false,0,0,1,Nicolai Højgaard,nicolai hojgaard,E,0,E,0,0,false,NOT_STARTED,1,72,18,54,3,1|2|3|4|5|6|7|8|9|10|11|12|13|14|15|16|17|18|1|2|3|4|5|6|7|8|9|10|11|12|13|14|15|16|17|18|1|2|3|4|5|6|7|8|9|10|11|12|13|14|15|16|17|18|1|2|3|4|5|6|7|8|9|10|11|12|13|14|15|16|17|18,16,44,12,0.5% / 0.2%,0.005458,0.004875,0.00175,0.006625,0.55,,,,,,,,,0.355021,0.381875,0.137581,0.155625,0.048786,0.056625,-21386.63,-21386.63,0,,,-21386.6318,1485.042936,,0,0,stat_feed,0,stat_feed,0,stat_feed,3.03,stat_feed,3.0684,4.01,stat_feed,4.0243,4.49,stat_feed,4.5947,1.196,stat_feed,-0.3469,1.009,stat_feed,-1781.4574,0.4116,stat_feed,-1781.2519,0.52,stat_feed,-1781.3827,0.0774,stat_feed,-1781.2196,0.1555,stat_feed,-1781.2296
tournament,Tournament,Truist Championship,"May 7 - 10, 2026",course_hole_model|par3_scoring_avg|par4_scoring_avg|par5_scoring_avg|sg_ott|sg_t2g|sg_app,standard,Standard Model,false,0,0,1,Robert MacIntyre,robert macintyre,E,0,E,0,0,false,NOT_STARTED,1,72,18,54,3,1|2|3|4|5|6|7|8|9|10|11|12|13|14|15|16|17|18|1|2|3|4|5|6|7|8|9|10|11|12|13|14|15|16|17|18|1|2|3|4|5|6|7|8|9|10|11|12|13|14|15|16|17|18|1|2|3|4|5|6|7|8|9|10|11|12|13|14|15|16|17|18,16,44,12,0.5% / 0.2%,0.004989,0.004375,0.001625,0.006,0.5,,,,,,,,,0.349954,0.37625,0.139332,0.15625,0.049402,0.0565,-21386.56,-21386.56,0,,,-21386.5638,1485.13904,,0,0,stat_feed,0,stat_feed,0,stat_feed,3.01,stat_feed,3.0684,3.92,stat_feed,4.0243,4.58,stat_feed,4.5947,1.6633,stat_feed,-0.3469,0.6802,stat_feed,-1781.4574,0.8483,stat_feed,-1781.2519,-0.4049,stat_feed,-1781.3827,0.2368,stat_feed,-1781.2196,0.9224,stat_feed,-1781.2296
tournament,Tournament,Truist Championship,"May 7 - 10, 2026",course_hole_model|par3_scoring_avg|par4_scoring_avg|par5_scoring_avg|sg_ott|sg_t2g|sg_app,standard,Standard Model,false,0,0,1,Sudarshan Yellamaraju,sudarshan yellamaraju,E,0,E,0,0,false,NOT_STARTED,1,72,18,54,3,1|2|3|4|5|6|7|8|9|10|11|12|13|14|15|16|17|18|1|2|3|4|5|6|7|8|9|10|11|12|13|14|15|16|17|18|1|2|3|4|5|6|7|8|9|10|11|12|13|14|15|16|17|18|1|2|3|4|5|6|7|8|9|10|11|12|13|14|15|16|17|18,16,44,12,0.5% / 0.1%,0.004964,0.00475,0.000875,0.005625,0.5,,,,,,,,,0.333256,0.35925,0.131363,0.14575,0.049615,0.05775,-21386.25,-21386.25,0,,,-21386.2516,1484.922853,,0,0,stat_feed,0,stat_feed,0,stat_feed,3.06,stat_feed,3.0684,3.96,stat_feed,4.0243,4.49,stat_feed,4.5947,0.8713,stat_feed,-0.3469,0.6402,stat_feed,-1781.4574,0.4434,stat_feed,-1781.2519,0.332,stat_feed,-1781.3827,-0.1352,stat_feed,-1781.2196,0.4973,stat_feed,-1781.2296
tournament,Tournament,Truist Championship,"May 7 - 10, 2026",course_hole_model|par3_scoring_avg|par4_scoring_avg|par5_scoring_avg|sg_ott|sg_t2g|sg_app,standard,Standard Model,false,0,0,1,Sahith Theegala,sahith theegala,E,0,E,0,0,false,NOT_STARTED,1,72,18,54,3,1|2|3|4|5|6|7|8|9|10|11|12|13|14|15|16|17|18|1|2|3|4|5|6|7|8|9|10|11|12|13|14|15|16|17|18|1|2|3|4|5|6|7|8|9|10|11|12|13|14|15|16|17|18|1|2|3|4|5|6|7|8|9|10|11|12|13|14|15|16|17|18,16,44,12,0.3% / 0.2%,0.00305,0.002375,0.002,0.004375,0.3,,,,,,,,,0.308836,0.335625,0.120168,0.134625,0.041981,0.048375,-21385.9,-21385.9,0,,,-21385.8995,1485.028704,,0,0,stat_feed,0,stat_feed,0,stat_feed,3.03,stat_feed,3.0684,3.97,stat_feed,4.0243,4.47,stat_feed,4.5947,1.2773,stat_feed,-0.3469,0.8297,stat_feed,-1781.4574,-0.0087,stat_feed,-1781.2519,0.4365,stat_feed,-1781.3827,0.4019,stat_feed,-1781.2196,0.3474,stat_feed,-1781.2296
tournament,Tournament,Truist Championship,"May 7 - 10, 2026",course_hole_model|par3_scoring_avg|par4_scoring_avg|par5_scoring_avg|sg_ott|sg_t2g|sg_app,standard,Standard Model,false,0,0,1,Viktor Hovland,viktor hovland,E,0,E,0,0,false,NOT_STARTED,1,72,18,54,3,1|2|3|4|5|6|7|8|9|10|11|12|13|14|15|16|17|18|1|2|3|4|5|6|7|8|9|10|11|12|13|14|15|16|17|18|1|2|3|4|5|6|7|8|9|10|11|12|13|14|15|16|17|18|1|2|3|4|5|6|7|8|9|10|11|12|13|14|15|16|17|18,16,44,12,0.4% / 0.1%,0.004167,0.004,0.0005,0.0045,0.42,,,,,,,,,0.296933,0.32325,0.110023,0.1235,0.034873,0.039875,-21385.5,-21385.5,0,,,-21385.5028,1485.040039,,0,0,stat_feed,0,stat_feed,0,stat_feed,3,stat_feed,3.0684,4,stat_feed,4.0243,4.65,stat_feed,4.5947,1.1282,stat_feed,-0.3469,1.0957,stat_feed,-1781.4574,0.1629,stat_feed,-1781.2519,0.6497,stat_feed,-1781.3827,0.283,stat_feed,-1781.2196,0.0325,stat_feed,-1781.2296
tournament,Tournament,Truist Championship,"May 7 - 10, 2026",course_hole_model|par3_scoring_avg|par4_scoring_avg|par5_scoring_avg|sg_ott|sg_t2g|sg_app,standard,Standard Model,false,0,0,1,Daniel Berger,daniel berger,E,0,E,0,0,false,NOT_STARTED,1,72,18,54,3,1|2|3|4|5|6|7|8|9|10|11|12|13|14|15|16|17|18|1|2|3|4|5|6|7|8|9|10|11|12|13|14|15|16|17|18|1|2|3|4|5|6|7|8|9|10|11|12|13|14|15|16|17|18|1|2|3|4|5|6|7|8|9|10|11|12|13|14|15|16|17|18,16,44,12,0.2% / 0.1%,0.002471,0.00225,0.000875,0.003125,0.25,,,,,,,,,0.285772,0.311,0.103786,0.118375,0.032775,0.03875,-21385.4,-21385.4,0,,,-21385.3976,1484.883527,,0,0,stat_feed,0,stat_feed,0,stat_feed,3.1,stat_feed,3.0684,3.99,stat_feed,4.0243,4.57,stat_feed,4.5947,0.7836,stat_feed,-0.3469,0.8345,stat_feed,-1781.4574,0.197,stat_feed,-1781.2519,0.9005,stat_feed,-1781.3827,-0.263,stat_feed,-1781.2196,-0.0396,stat_feed,-1781.2296
tournament,Tournament,Truist Championship,"May 7 - 10, 2026",course_hole_model|par3_scoring_avg|par4_scoring_avg|par5_scoring_avg|sg_ott|sg_t2g|sg_app,standard,Standard Model,false,0,0,1,Maverick McNealy,maverick mcnealy,E,0,E,0,0,false,NOT_STARTED,1,72,18,54,3,1|2|3|4|5|6|7|8|9|10|11|12|13|14|15|16|17|18|1|2|3|4|5|6|7|8|9|10|11|12|13|14|15|16|17|18|1|2|3|4|5|6|7|8|9|10|11|12|13|14|15|16|17|18|1|2|3|4|5|6|7|8|9|10|11|12|13|14|15|16|17|18,16,44,12,0.4% / 0.1%,0.00353,0.00325,0.00075,0.004,0.35,,,,,,,,,0.283341,0.30925,0.104318,0.11775,0.03751,0.042125,-21385.39,-21385.39,0,,,-21385.3885,1485.131731,,0,0,stat_feed,0,stat_feed,0,stat_feed,3.07,stat_feed,3.0684,3.97,stat_feed,4.0243,4.49,stat_feed,4.5947,1.5564,stat_feed,-0.3469,0.8501,stat_feed,-1781.4574,0.4386,stat_feed,-1781.2519,0.0609,stat_feed,-1781.3827,0.3506,stat_feed,-1781.2196,0.6455,stat_feed,-1781.2296
tournament,Tournament,Truist Championship,"May 7 - 10, 2026",course_hole_model|par3_scoring_avg|par4_scoring_avg|par5_scoring_avg|sg_ott|sg_t2g|sg_app,standard,Standard Model,false,0,0,1,Nick Taylor,nick taylor,E,0,E,0,0,false,NOT_STARTED,1,72,18,54,3,1|2|3|4|5|6|7|8|9|10|11|12|13|14|15|16|17|18|1|2|3|4|5|6|7|8|9|10|11|12|13|14|15|16|17|18|1|2|3|4|5|6|7|8|9|10|11|12|13|14|15|16|17|18|1|2|3|4|5|6|7|8|9|10|11|12|13|14|15|16|17|18,16,44,12,0.4% / 0.1%,0.003782,0.003375,0.001125,0.0045,0.38,,,,,,,,,0.284416,0.307875,0.098441,0.111125,0.037073,0.043125,-21385.35,-21385.35,0,,,-21385.3453,1485.003145,,0,0,stat_feed,0,stat_feed,0,stat_feed,2.99,stat_feed,3.0684,4.01,stat_feed,4.0243,4.55,stat_feed,4.5947,1.0599,stat_feed,-0.3469,1.0738,stat_feed,-1781.4574,-0.0245,stat_feed,-1781.2519,0.5895,stat_feed,-1781.3827,0.5088,stat_feed,-1781.2196,-0.0768,stat_feed,-1781.2296
tournament,Tournament,Truist Championship,"May 7 - 10, 2026",course_hole_model|par3_scoring_avg|par4_scoring_avg|par5_scoring_avg|sg_ott|sg_t2g|sg_app,standard,Standard Model,false,0,0,1,Sam Burns,sam burns,E,0,E,0,0,false,NOT_STARTED,1,72,18,54,3,1|2|3|4|5|6|7|8|9|10|11|12|13|14|15|16|17|18|1|2|3|4|5|6|7|8|9|10|11|12|13|14|15|16|17|18|1|2|3|4|5|6|7|8|9|10|11|12|13|14|15|16|17|18|1|2|3|4|5|6|7|8|9|10|11|12|13|14|15|16|17|18,16,44,12,0.3% / 0.1%,0.002705,0.0025,0.000625,0.003125,0.27,,,,,,,,,0.265026,0.289,0.091582,0.1025,0.03154,0.036875,-21385.05,-21385.05,0,,,-21385.0537,1485.025304,,0,0,stat_feed,0,stat_feed,0,stat_feed,3.06,stat_feed,3.0684,3.96,stat_feed,4.0243,4.55,stat_feed,4.5947,1.3796,stat_feed,-0.3469,0.5162,stat_feed,-1781.4574,0.3491,stat_feed,-1781.2519,0.4307,stat_feed,-1781.3827,-0.2636,stat_feed,-1781.2196,0.8516,stat_feed,-1781.2296
tournament,Tournament,Truist Championship,"May 7 - 10, 2026",course_hole_model|par3_scoring_avg|par4_scoring_avg|par5_scoring_avg|sg_ott|sg_t2g|sg_app,standard,Standard Model,false,0,0,1,Jordan Spieth,jordan spieth,E,0,E,0,0,false,NOT_STARTED,1,72,18,54,3,1|2|3|4|5|6|7|8|9|10|11|12|13|14|15|16|17|18|1|2|3|4|5|6|7|8|9|10|11|12|13|14|15|16|17|18|1|2|3|4|5|6|7|8|9|10|11|12|13|14|15|16|17|18|1|2|3|4|5|6|7|8|9|10|11|12|13|14|15|16|17|18,16,44,12,0.2% / 0.1%,0.002096,0.00175,0.001,0.00275,0.21,,,,,,,,,0.259676,0.2845,0.089006,0.101625,0.031095,0.03675,-21384.89,-21384.89,0,,,-21384.8901,1485.068017,,0,0,stat_feed,0,stat_feed,0,stat_feed,3.01,stat_feed,3.0684,4,stat_feed,4.0243,4.57,stat_feed,4.5947,1.317,stat_feed,-0.3469,0.886,stat_feed,-1781.4574,0.1192,stat_feed,-1781.2519,0.5499,stat_feed,-1781.3827,0.2169,stat_feed,-1781.2196,0.431,stat_feed,-1781.2296
tournament,Tournament,Truist Championship,"May 7 - 10, 2026",course_hole_model|par3_scoring_avg|par4_scoring_avg|par5_scoring_avg|sg_ott|sg_t2g|sg_app,standard,Standard Model,false,0,0,1,Alex Fitzpatrick,alex fitzpatrick,E,0,E,0,0,false,NOT_STARTED,1,72,18,54,3,1|2|3|4|5|6|7|8|9|10|11|12|13|14|15|16|17|18|1|2|3|4|5|6|7|8|9|10|11|12|13|14|15|16|17|18|1|2|3|4|5|6|7|8|9|10|11|12|13|14|15|16|17|18|1|2|3|4|5|6|7|8|9|10|11|12|13|14|15|16|17|18,16,44,12,0.2% / 0.1%,0.001679,0.0015,0.000625,0.002125,0.17,,,,,,,,,0.244721,0.268375,0.081319,0.09275,0.026829,0.030625,-21384.55,-21384.55,0,,,-21384.5459,1484.92051,,0,0,stat_feed,0,stat_feed,0,stat_feed,3.0684,field_mean_fallback,3.0684,4.0243,field_mean_fallback,4.0243,4.5947,field_mean_fallback,4.5947,0.6809,stat_feed,-0.3469,1.0808,stat_feed,-1781.4574,0.5666,stat_feed,-1781.2519,0.397,stat_feed,-1781.3827,0.1172,stat_feed,-1781.2196,-0.2076,stat_feed,-1781.2296
tournament,Tournament,Truist Championship,"May 7 - 10, 2026",course_hole_model|par3_scoring_avg|par4_scoring_avg|par5_scoring_avg|sg_ott|sg_t2g|sg_app,standard,Standard Model,false,0,0,1,Bud Cauley,bud cauley,E,0,E,0,0,false,NOT_STARTED,1,72,18,54,3,1|2|3|4|5|6|7|8|9|10|11|12|13|14|15|16|17|18|1|2|3|4|5|6|7|8|9|10|11|12|13|14|15|16|17|18|1|2|3|4|5|6|7|8|9|10|11|12|13|14|15|16|17|18|1|2|3|4|5|6|7|8|9|10|11|12|13|14|15|16|17|18,16,44,12,0.3% / 0.1%,0.0025,0.00225,0.001,0.00325,0.25,,,,,,,,,0.23336,0.255875,0.079556,0.09175,0.027363,0.0315,-21384.23,-21384.23,0,,,-21384.2277,1484.854186,,0,0,stat_feed,0,stat_feed,0,stat_feed,3.02,stat_feed,3.0684,4.03,stat_feed,4.0243,4.57,stat_feed,4.5947,0.6061,stat_feed,-0.3469,1.0485,stat_feed,-1781.4574,0.1521,stat_feed,-1781.2519,0.5589,stat_feed,-1781.3827,0.3375,stat_feed,-1781.2196,-0.4661,stat_feed,-1781.2296
tournament,Tournament,Truist Championship,"May 7 - 10, 2026",course_hole_model|par3_scoring_avg|par4_scoring_avg|par5_scoring_avg|sg_ott|sg_t2g|sg_app,standard,Standard Model,false,0,0,1,Ryan Fox,ryan fox,E,0,E,0,0,false,NOT_STARTED,1,72,18,54,3,1|2|3|4|5|6|7|8|9|10|11|12|13|14|15|16|17|18|1|2|3|4|5|6|7|8|9|10|11|12|13|14|15|16|17|18|1|2|3|4|5|6|7|8|9|10|11|12|13|14|15|16|17|18|1|2|3|4|5|6|7|8|9|10|11|12|13|14|15|16|17|18,16,44,12,0.2% / 0.1%,0.001703,0.0015,0.000625,0.002125,0.17,,,,,,,,,0.218685,0.240125,0.074535,0.084125,0.024412,0.028,-21383.9,-21383.9,0,,,-21383.898,1484.877623,,0,0,stat_feed,0,stat_feed,0,stat_feed,3.07,stat_feed,3.0684,3.95,stat_feed,4.0243,4.65,stat_feed,4.5947,0.7506,stat_feed,-0.3469,0.7414,stat_feed,-1781.4574,0.361,stat_feed,-1781.2519,0.1347,stat_feed,-1781.3827,0.2458,stat_feed,-1781.2196,0.1441,stat_feed,-1781.2296
tournament,Tournament,Truist Championship,"May 7 - 10, 2026",course_hole_model|par3_scoring_avg|par4_scoring_avg|par5_scoring_avg|sg_ott|sg_t2g|sg_app,standard,Standard Model,false,0,0,1,Harris English,harris english,E,0,E,0,0,false,NOT_STARTED,1,72,18,54,3,1|2|3|4|5|6|7|8|9|10|11|12|13|14|15|16|17|18|1|2|3|4|5|6|7|8|9|10|11|12|13|14|15|16|17|18|1|2|3|4|5|6|7|8|9|10|11|12|13|14|15|16|17|18|1|2|3|4|5|6|7|8|9|10|11|12|13|14|15|16|17|18,16,44,12,0.1% / 0.1%,0.001286,0.000875,0.00125,0.002125,0.13,,,,,,,,,0.220039,0.239625,0.073029,0.08225,0.025594,0.02925,-21383.87,-21383.87,0,,,-21383.8663,1484.999463,,0,0,stat_feed,0,stat_feed,0,stat_feed,3,stat_feed,3.0684,3.98,stat_feed,4.0243,4.57,stat_feed,4.5947,1.2862,stat_feed,-0.3469,0.5592,stat_feed,-1781.4574,0.5211,stat_feed,-1781.2519,-0.0412,stat_feed,-1781.3827,0.0793,stat_feed,-1781.2196,0.704,stat_feed,-1781.2296
tournament,Tournament,Truist Championship,"May 7 - 10, 2026",course_hole_model|par3_scoring_avg|par4_scoring_avg|par5_scoring_avg|sg_ott|sg_t2g|sg_app,standard,Standard Model,false,0,0,1,Gary Woodland,gary woodland,E,0,E,0,0,false,NOT_STARTED,1,72,18,54,3,1|2|3|4|5|6|7|8|9|10|11|12|13|14|15|16|17|18|1|2|3|4|5|6|7|8|9|10|11|12|13|14|15|16|17|18|1|2|3|4|5|6|7|8|9|10|11|12|13|14|15|16|17|18|1|2|3|4|5|6|7|8|9|10|11|12|13|14|15|16|17|18,16,44,12,0.1% / 0.1%,0.001065,0.000875,0.0005,0.001375,0.11,,,,,,,,,0.206461,0.227625,0.065074,0.074625,0.018265,0.021375,-21383.63,-21383.63,0,,,-21383.6257,1484.867713,,0,0,stat_feed,0,stat_feed,0,stat_feed,3.14,stat_feed,3.0684,3.96,stat_feed,4.0243,4.59,stat_feed,4.5947,0.8034,stat_feed,-0.3469,0.5202,stat_feed,-1781.4574,0.649,stat_feed,-1781.2519,0.2098,stat_feed,-1781.3827,-0.3386,stat_feed,-1781.2196,0.4743,stat_feed,-1781.2296
tournament,Tournament,Truist Championship,"May 7 - 10, 2026",course_hole_model|par3_scoring_avg|par4_scoring_avg|par5_scoring_avg|sg_ott|sg_t2g|sg_app,standard,Standard Model,false,0,0,1,Alex Noren,alex noren,E,0,E,0,0,false,NOT_STARTED,1,72,18,54,3,1|2|3|4|5|6|7|8|9|10|11|12|13|14|15|16|17|18|1|2|3|4|5|6|7|8|9|10|11|12|13|14|15|16|17|18|1|2|3|4|5|6|7|8|9|10|11|12|13|14|15|16|17|18|1|2|3|4|5|6|7|8|9|10|11|12|13|14|15|16|17|18,16,44,12,0.2% / 0.0%,0.001794,0.001625,0.000375,0.002,0.18,,,,,,,,,0.2023,0.223875,0.06523,0.073,0.020206,0.0235,-21383.46,-21383.46,0,,,-21383.4571,1485.007064,,0,0,stat_feed,0,stat_feed,0,stat_feed,3.07,stat_feed,3.0684,3.99,stat_feed,4.0243,4.56,stat_feed,4.5947,1.0837,stat_feed,-0.3469,0.7766,stat_feed,-1781.4574,0.0476,stat_feed,-1781.2519,0.4726,stat_feed,-1781.3827,0.2564,stat_feed,-1781.2196,0.5172,stat_feed,-1781.2296
tournament,Tournament,Truist Championship,"May 7 - 10, 2026",course_hole_model|par3_scoring_avg|par4_scoring_avg|par5_scoring_avg|sg_ott|sg_t2g|sg_app,standard,Standard Model,false,0,0,1,Jason Day,jason day,E,0,E,0,0,false,NOT_STARTED,1,72,18,54,3,1|2|3|4|5|6|7|8|9|10|11|12|13|14|15|16|17|18|1|2|3|4|5|6|7|8|9|10|11|12|13|14|15|16|17|18|1|2|3|4|5|6|7|8|9|10|11|12|13|14|15|16|17|18|1|2|3|4|5|6|7|8|9|10|11|12|13|14|15|16|17|18,16,44,12,0.1% / 0.1%,0.000974,0.00075,0.00075,0.0015,0.1,,,,,,,,,0.150952,0.1655,0.046694,0.053875,0.012842,0.015375,-21382.19,-21382.19,0,,,-21382.1914,1484.988827,,0,0,stat_feed,0,stat_feed,0,stat_feed,3,stat_feed,3.0684,3.98,stat_feed,4.0243,4.6,stat_feed,4.5947,1.175,stat_feed,-0.3469,0.6043,stat_feed,-1781.4574,0.237,stat_feed,-1781.2519,-0.1309,stat_feed,-1781.3827,0.4982,stat_feed,-1781.2196,0.6612,stat_feed,-1781.2296
tournament,Tournament,Truist Championship,"May 7 - 10, 2026",course_hole_model|par3_scoring_avg|par4_scoring_avg|par5_scoring_avg|sg_ott|sg_t2g|sg_app,standard,Standard Model,false,0,0,1,Andrew Putnam,andrew putnam,E,0,E,0,0,false,NOT_STARTED,1,72,18,54,3,1|2|3|4|5|6|7|8|9|10|11|12|13|14|15|16|17|18|1|2|3|4|5|6|7|8|9|10|11|12|13|14|15|16|17|18|1|2|3|4|5|6|7|8|9|10|11|12|13|14|15|16|17|18|1|2|3|4|5|6|7|8|9|10|11|12|13|14|15|16|17|18,16,44,12,0.1% / 0.1%,0.000801,0.000625,0.000625,0.00125,0.08,,,,,,,,,0.145479,0.162,0.043704,0.049875,0.012985,0.0155,-21381.93,-21381.93,0,,,-21381.926,1484.880386,,0,0,stat_feed,0,stat_feed,0,stat_feed,3.03,stat_feed,3.0684,4,stat_feed,4.0243,4.57,stat_feed,4.5947,0.9449,stat_feed,-0.3469,0.6834,stat_feed,-1781.4574,-0.3512,stat_feed,-1781.2519,0.5618,stat_feed,-1781.3827,0.4728,stat_feed,-1781.2196,0.0823,stat_feed,-1781.2296
tournament,Tournament,Truist Championship,"May 7 - 10, 2026",course_hole_model|par3_scoring_avg|par4_scoring_avg|par5_scoring_avg|sg_ott|sg_t2g|sg_app,standard,Standard Model,false,0,0,1,Corey Conners,corey conners,E,0,E,0,0,false,NOT_STARTED,1,72,18,54,3,1|2|3|4|5|6|7|8|9|10|11|12|13|14|15|16|17|18|1|2|3|4|5|6|7|8|9|10|11|12|13|14|15|16|17|18|1|2|3|4|5|6|7|8|9|10|11|12|13|14|15|16|17|18|1|2|3|4|5|6|7|8|9|10|11|12|13|14|15|16|17|18,16,44,12,0.0% / 0.0%,0.000396,0.000375,0.000125,0.0005,0.04,,,,,,,,,0.141531,0.1565,0.037904,0.043625,0.009694,0.011375,-21381.92,-21381.92,0,,,-21381.9181,1484.804152,,0,0,stat_feed,0,stat_feed,0,stat_feed,3.13,stat_feed,3.0684,4,stat_feed,4.0243,4.66,stat_feed,4.5947,0.597,stat_feed,-0.3469,0.7427,stat_feed,-1781.4574,0.1516,stat_feed,-1781.2519,0.6677,stat_feed,-1781.3827,-0.0767,stat_feed,-1781.2196,-0.1457,stat_feed,-1781.2296
tournament,Tournament,Truist Championship,"May 7 - 10, 2026",course_hole_model|par3_scoring_avg|par4_scoring_avg|par5_scoring_avg|sg_ott|sg_t2g|sg_app,standard,Standard Model,false,0,0,1,Taylor Pendrith,taylor pendrith,E,0,E,0,0,false,NOT_STARTED,1,72,18,54,3,1|2|3|4|5|6|7|8|9|10|11|12|13|14|15|16|17|18|1|2|3|4|5|6|7|8|9|10|11|12|13|14|15|16|17|18|1|2|3|4|5|6|7|8|9|10|11|12|13|14|15|16|17|18|1|2|3|4|5|6|7|8|9|10|11|12|13|14|15|16|17|18,16,44,12,0.0% / 0.0%,0.000147,0.000125,0.000125,0.00025,0.01,,,,,,,,,0.120075,0.13525,0.028753,0.034,0.007492,0.00875,-21381.23,-21381.23,0,,,-21381.2276,1484.623431,,0,0,stat_feed,0,stat_feed,0,stat_feed,3.11,stat_feed,3.0684,3.99,stat_feed,4.0243,4.68,stat_feed,4.5947,0.0801,stat_feed,-0.3469,0.6232,stat_feed,-1781.4574,0.5422,stat_feed,-1781.2519,0.0941,stat_feed,-1781.3827,-0.0132,stat_feed,-1781.2196,-0.474,stat_feed,-1781.2296
tournament,Tournament,Truist Championship,"May 7 - 10, 2026",course_hole_model|par3_scoring_avg|par4_scoring_avg|par5_scoring_avg|sg_ott|sg_t2g|sg_app,standard,Standard Model,false,0,0,1,Matt Wallace,matt wallace,E,0,E,0,0,false,NOT_STARTED,1,72,18,54,3,1|2|3|4|5|6|7|8|9|10|11|12|13|14|15|16|17|18|1|2|3|4|5|6|7|8|9|10|11|12|13|14|15|16|17|18|1|2|3|4|5|6|7|8|9|10|11|12|13|14|15|16|17|18|1|2|3|4|5|6|7|8|9|10|11|12|13|14|15|16|17|18,16,44,12,0.1% / 0.0%,0.000589,0.0005,0.000375,0.000875,0.06,,,,,,,,,0.115749,0.129375,0.030523,0.034875,0.010088,0.011625,-21380.83,-21380.83,0,,,-21380.8275,1484.733196,,0,0,stat_feed,0,stat_feed,0,stat_feed,3.11,stat_feed,3.0684,3.98,stat_feed,4.0243,4.6,stat_feed,4.5947,0.3792,stat_feed,-0.3469,0.5086,stat_feed,-1781.4574,0.0768,stat_feed,-1781.2519,0.224,stat_feed,-1781.3827,0.2078,stat_feed,-1781.2196,0.1145,stat_feed,-1781.2296
tournament,Tournament,Truist Championship,"May 7 - 10, 2026",course_hole_model|par3_scoring_avg|par4_scoring_avg|par5_scoring_avg|sg_ott|sg_t2g|sg_app,standard,Standard Model,false,0,0,1,Matt McCarty,matt mccarty,E,0,E,0,0,false,NOT_STARTED,1,72,18,54,3,1|2|3|4|5|6|7|8|9|10|11|12|13|14|15|16|17|18|1|2|3|4|5|6|7|8|9|10|11|12|13|14|15|16|17|18|1|2|3|4|5|6|7|8|9|10|11|12|13|14|15|16|17|18|1|2|3|4|5|6|7|8|9|10|11|12|13|14|15|16|17|18,16,44,12,0.0% / 0.0%,0.000461,0.000375,0.000375,0.00075,0.05,,,,,,,,,0.107766,0.12225,0.029103,0.0335,0.007142,0.00875,-21380.76,-21380.76,0,,,-21380.7636,1484.771122,,0,0,stat_feed,0,stat_feed,0,stat_feed,3.09,stat_feed,3.0684,4,stat_feed,4.0243,4.54,stat_feed,4.5947,0.7855,stat_feed,-0.3469,0.3322,stat_feed,-1781.4574,0.1859,stat_feed,-1781.2519,0.2354,stat_feed,-1781.3827,-0.0891,stat_feed,-1781.2196,0.2887,stat_feed,-1781.2296
tournament,Tournament,Truist Championship,"May 7 - 10, 2026",course_hole_model|par3_scoring_avg|par4_scoring_avg|par5_scoring_avg|sg_ott|sg_t2g|sg_app,standard,Standard Model,false,0,0,1,Ben Griffin,ben griffin,E,0,E,0,0,false,NOT_STARTED,1,72,18,54,3,1|2|3|4|5|6|7|8|9|10|11|12|13|14|15|16|17|18|1|2|3|4|5|6|7|8|9|10|11|12|13|14|15|16|17|18|1|2|3|4|5|6|7|8|9|10|11|12|13|14|15|16|17|18|1|2|3|4|5|6|7|8|9|10|11|12|13|14|15|16|17|18,16,44,12,0.1% / 0.0%,0.000796,0.00075,0.000125,0.000875,0.08,,,,,,,,,0.107897,0.121625,0.02673,0.0315,0.007442,0.008875,-21380.62,-21380.62,0,,,-21380.6228,1484.868414,,0,0,stat_feed,0,stat_feed,0,stat_feed,3.03,stat_feed,3.0684,4,stat_feed,4.0243,4.51,stat_feed,4.5947,0.922,stat_feed,-0.3469,0.5106,stat_feed,-1781.4574,-0.0409,stat_feed,-1781.2519,-0.0815,stat_feed,-1781.3827,0.633,stat_feed,-1781.2196,0.379,stat_feed,-1781.2296
tournament,Tournament,Truist Championship,"May 7 - 10, 2026",course_hole_model|par3_scoring_avg|par4_scoring_avg|par5_scoring_avg|sg_ott|sg_t2g|sg_app,standard,Standard Model,false,0,0,1,Ricky Castillo,ricky castillo,E,0,E,0,0,false,NOT_STARTED,1,72,18,54,3,1|2|3|4|5|6|7|8|9|10|11|12|13|14|15|16|17|18|1|2|3|4|5|6|7|8|9|10|11|12|13|14|15|16|17|18|1|2|3|4|5|6|7|8|9|10|11|12|13|14|15|16|17|18|1|2|3|4|5|6|7|8|9|10|11|12|13|14|15|16|17|18,16,44,12,0.1% / 0.0%,0.000515,0.0005,0.000125,0.000625,0.05,,,,,,,,,0.107544,0.120625,0.030261,0.035125,0.008308,0.01,-21380.42,-21380.42,0,,,-21380.4183,1484.711628,,0,0,stat_feed,0,stat_feed,0,stat_feed,3.11,stat_feed,3.0684,3.98,stat_feed,4.0243,4.52,stat_feed,4.5947,0.6695,stat_feed,-0.3469,0.316,stat_feed,-1781.4574,0.2861,stat_feed,-1781.2519,-0.135,stat_feed,-1781.3827,0.1649,stat_feed,-1781.2196,0.0801,stat_feed,-1781.2296
tournament,Tournament,Truist Championship,"May 7 - 10, 2026",course_hole_model|par3_scoring_avg|par4_scoring_avg|par5_scoring_avg|sg_ott|sg_t2g|sg_app,standard,Standard Model,false,0,0,1,Patrick Rodgers,patrick rodgers,E,0,E,0,0,false,NOT_STARTED,1,72,18,54,3,1|2|3|4|5|6|7|8|9|10|11|12|13|14|15|16|17|18|1|2|3|4|5|6|7|8|9|10|11|12|13|14|15|16|17|18|1|2|3|4|5|6|7|8|9|10|11|12|13|14|15|16|17|18|1|2|3|4|5|6|7|8|9|10|11|12|13|14|15|16|17|18,16,44,12,0.0% / 0.0%,0,0,0,0,0,,,,,,,,,0.081449,0.09275,0.018204,0.021125,0.002923,0.00375,-21379.25,-21379.25,0,,,-21379.2451,1484.739868,,0,0,stat_feed,0,stat_feed,0,stat_feed,2.98,stat_feed,3.0684,4.04,stat_feed,4.0243,4.59,stat_feed,4.5947,0.6025,stat_feed,-0.3469,0.3178,stat_feed,-1781.4574,0.0255,stat_feed,-1781.2519,0.1806,stat_feed,-1781.3827,0.1117,stat_feed,-1781.2196,0.3129,stat_feed,-1781.2296
tournament,Tournament,Truist Championship,"May 7 - 10, 2026",course_hole_model|par3_scoring_avg|par4_scoring_avg|par5_scoring_avg|sg_ott|sg_t2g|sg_app,standard,Standard Model,false,0,0,1,J.T. Poston,jt poston,E,0,E,0,0,false,NOT_STARTED,1,72,18,54,3,1|2|3|4|5|6|7|8|9|10|11|12|13|14|15|16|17|18|1|2|3|4|5|6|7|8|9|10|11|12|13|14|15|16|17|18|1|2|3|4|5|6|7|8|9|10|11|12|13|14|15|16|17|18|1|2|3|4|5|6|7|8|9|10|11|12|13|14|15|16|17|18,16,44,12,0.0% / 0.0%,0.000125,0.000125,0,0.000125,0.01,,,,,,,,,0.07664,0.088375,0.015896,0.019125,0.00316,0.003875,-21379.25,-21379.25,0,,,-21379.2491,1484.606098,,0,0,stat_feed,0,stat_feed,0,stat_feed,3.01,stat_feed,3.0684,4.05,stat_feed,4.0243,4.57,stat_feed,4.5947,0.2988,stat_feed,-0.3469,0.2723,stat_feed,-1781.4574,0.243,stat_feed,-1781.2519,0.1795,stat_feed,-1781.3827,-0.1502,stat_feed,-1781.2196,-0.0951,stat_feed,-1781.2296
tournament,Tournament,Truist Championship,"May 7 - 10, 2026",course_hole_model|par3_scoring_avg|par4_scoring_avg|par5_scoring_avg|sg_ott|sg_t2g|sg_app,standard,Standard Model,false,0,0,1,Harry Hall,harry hall,E,0,E,0,0,false,NOT_STARTED,1,72,18,54,3,1|2|3|4|5|6|7|8|9|10|11|12|13|14|15|16|17|18|1|2|3|4|5|6|7|8|9|10|11|12|13|14|15|16|17|18|1|2|3|4|5|6|7|8|9|10|11|12|13|14|15|16|17|18|1|2|3|4|5|6|7|8|9|10|11|12|13|14|15|16|17|18,16,44,12,0.0% / 0.0%,0.000158,0.000125,0.000125,0.00025,0.02,,,,,,,,,0.070176,0.079,0.016497,0.019625,0.003667,0.004625,-21379.01,-21379.01,0,,,-21379.008,1484.818806,,0,0,stat_feed,0,stat_feed,0,stat_feed,3.03,stat_feed,3.0684,4.03,stat_feed,4.0243,4.49,stat_feed,4.5947,0.8634,stat_feed,-0.3469,0.3496,stat_feed,-1781.4574,-0.1942,stat_feed,-1781.2519,0.0991,stat_feed,-1781.3827,0.4447,stat_feed,-1781.2196,0.4619,stat_feed,-1781.2296
tournament,Tournament,Truist Championship,"May 7 - 10, 2026",course_hole_model|par3_scoring_avg|par4_scoring_avg|par5_scoring_avg|sg_ott|sg_t2g|sg_app,standard,Standard Model,false,0,0,1,Max Homa,max homa,E,0,E,0,0,false,NOT_STARTED,1,72,18,54,3,1|2|3|4|5|6|7|8|9|10|11|12|13|14|15|16|17|18|1|2|3|4|5|6|7|8|9|10|11|12|13|14|15|16|17|18|1|2|3|4|5|6|7|8|9|10|11|12|13|14|15|16|17|18|1|2|3|4|5|6|7|8|9|10|11|12|13|14|15|16|17|18,16,44,12,0.0% / 0.0%,0,0,0,0,0,,,,,,,,,0.06437,0.0735,0.015685,0.017625,0.003358,0.004375,-21378.78,-21378.78,0,,,-21378.7781,1484.711046,,0,0,stat_feed,0,stat_feed,0,stat_feed,3.11,stat_feed,3.0684,4.03,stat_feed,4.0243,4.53,stat_feed,4.5947,0.5117,stat_feed,-0.3469,0.2853,stat_feed,-1781.4574,0.1993,stat_feed,-1781.2519,0.1524,stat_feed,-1781.3827,-0.0664,stat_feed,-1781.2196,0.2957,stat_feed,-1781.2296
tournament,Tournament,Truist Championship,"May 7 - 10, 2026",course_hole_model|par3_scoring_avg|par4_scoring_avg|par5_scoring_avg|sg_ott|sg_t2g|sg_app,standard,Standard Model,false,0,0,1,Andrew Novak,andrew novak,E,0,E,0,0,false,NOT_STARTED,1,72,18,54,3,1|2|3|4|5|6|7|8|9|10|11|12|13|14|15|16|17|18|1|2|3|4|5|6|7|8|9|10|11|12|13|14|15|16|17|18|1|2|3|4|5|6|7|8|9|10|11|12|13|14|15|16|17|18|1|2|3|4|5|6|7|8|9|10|11|12|13|14|15|16|17|18,16,44,12,0.0% / 0.0%,0.000152,0.000125,0.000125,0.00025,0.02,,,,,,,,,0.064123,0.07325,0.014969,0.018125,0.003938,0.00425,-21378.67,-21378.67,0,,,-21378.6659,1484.645537,,0,0,stat_feed,0,stat_feed,0,stat_feed,3.01,stat_feed,3.0684,4.06,stat_feed,4.0243,4.63,stat_feed,4.5947,0.2721,stat_feed,-0.3469,0.5107,stat_feed,-1781.4574,0.0986,stat_feed,-1781.2519,0.2297,stat_feed,-1781.3827,0.1824,stat_feed,-1781.2196,-0.3085,stat_feed,-1781.2296
tournament,Tournament,Truist Championship,"May 7 - 10, 2026",course_hole_model|par3_scoring_avg|par4_scoring_avg|par5_scoring_avg|sg_ott|sg_t2g|sg_app,standard,Standard Model,false,0,0,1,Keegan Bradley,keegan bradley,E,0,E,0,0,false,NOT_STARTED,1,72,18,54,3,1|2|3|4|5|6|7|8|9|10|11|12|13|14|15|16|17|18|1|2|3|4|5|6|7|8|9|10|11|12|13|14|15|16|17|18|1|2|3|4|5|6|7|8|9|10|11|12|13|14|15|16|17|18|1|2|3|4|5|6|7|8|9|10|11|12|13|14|15|16|17|18,16,44,12,0.0% / 0.0%,0.000396,0.000375,0.000125,0.0005,0.04,,,,,,,,,0.060341,0.069125,0.01341,0.015625,0.00294,0.003625,-21378.37,-21378.37,0,,,-21378.3728,1484.797424,,0,0,stat_feed,0,stat_feed,0,stat_feed,3.06,stat_feed,3.0684,4.06,stat_feed,4.0243,4.57,stat_feed,4.5947,0.6496,stat_feed,-0.3469,0.5791,stat_feed,-1781.4574,0.3705,stat_feed,-1781.2519,-0.1638,stat_feed,-1781.3827,0.3723,stat_feed,-1781.2196,0.0887,stat_feed,-1781.2296
tournament,Tournament,Truist Championship,"May 7 - 10, 2026",course_hole_model|par3_scoring_avg|par4_scoring_avg|par5_scoring_avg|sg_ott|sg_t2g|sg_app,standard,Standard Model,false,0,0,1,David Lipsky,david lipsky,E,0,E,0,0,false,NOT_STARTED,1,72,18,54,3,1|2|3|4|5|6|7|8|9|10|11|12|13|14|15|16|17|18|1|2|3|4|5|6|7|8|9|10|11|12|13|14|15|16|17|18|1|2|3|4|5|6|7|8|9|10|11|12|13|14|15|16|17|18|1|2|3|4|5|6|7|8|9|10|11|12|13|14|15|16|17|18,16,44,12,0.0% / 0.0%,0.000028,0,0.000125,0.000125,0,,,,,,,,,0.043617,0.05075,0.010277,0.01225,0.002125,0.002875,-21377.19,-21377.19,0,,,-21377.1881,1484.572986,,0,0,stat_feed,0,stat_feed,0,stat_feed,3.04,stat_feed,3.0684,4.01,stat_feed,4.0243,4.62,stat_feed,4.5947,0.2108,stat_feed,-0.3469,0.1201,stat_feed,-1781.4574,-0.1602,stat_feed,-1781.2519,0.0496,stat_feed,-1781.3827,0.2307,stat_feed,-1781.2196,0.0987,stat_feed,-1781.2296
tournament,Tournament,Truist Championship,"May 7 - 10, 2026",course_hole_model|par3_scoring_avg|par4_scoring_avg|par5_scoring_avg|sg_ott|sg_t2g|sg_app,standard,Standard Model,false,0,0,1,Brian Harman,brian harman,E,0,E,0,0,false,NOT_STARTED,1,72,18,54,3,1|2|3|4|5|6|7|8|9|10|11|12|13|14|15|16|17|18|1|2|3|4|5|6|7|8|9|10|11|12|13|14|15|16|17|18|1|2|3|4|5|6|7|8|9|10|11|12|13|14|15|16|17|18|1|2|3|4|5|6|7|8|9|10|11|12|13|14|15|16|17|18,16,44,12,0.0% / 0.0%,0.000047,0,0.00025,0.00025,0,,,,,,,,,0.04491,0.051,0.008596,0.01075,0.002073,0.00225,-21377.11,-21377.11,0,,,-21377.1149,1484.629671,,0,0,stat_feed,0,stat_feed,0,stat_feed,3.05,stat_feed,3.0684,4.03,stat_feed,4.0243,4.68,stat_feed,4.5947,0.2636,stat_feed,-0.3469,0.3616,stat_feed,-1781.4574,-0.1632,stat_feed,-1781.2519,0.2329,stat_feed,-1781.3827,0.292,stat_feed,-1781.2196,-0.097,stat_feed,-1781.2296
tournament,Tournament,Truist Championship,"May 7 - 10, 2026",course_hole_model|par3_scoring_avg|par4_scoring_avg|par5_scoring_avg|sg_ott|sg_t2g|sg_app,standard,Standard Model,false,0,0,1,Aldrich Potgieter,aldrich potgieter,E,0,E,0,0,false,NOT_STARTED,1,72,18,54,3,1|2|3|4|5|6|7|8|9|10|11|12|13|14|15|16|17|18|1|2|3|4|5|6|7|8|9|10|11|12|13|14|15|16|17|18|1|2|3|4|5|6|7|8|9|10|11|12|13|14|15|16|17|18|1|2|3|4|5|6|7|8|9|10|11|12|13|14|15|16|17|18,16,44,12,0.0% / 0.0%,0.000125,0.000125,0,0.000125,0.01,,,,,,,,,0.042919,0.05,0.008444,0.009875,0.001696,0.002,-21376.82,-21376.82,0,,,-21376.8167,1484.461543,,0,0,stat_feed,0,stat_feed,0,stat_feed,3.16,stat_feed,3.0684,4.07,stat_feed,4.0243,4.53,stat_feed,4.5947,-0.1911,stat_feed,-0.3469,0.2266,stat_feed,-1781.4574,0.5976,stat_feed,-1781.2519,-0.0375,stat_feed,-1781.3827,-0.3335,stat_feed,-1781.2196,-0.3811,stat_feed,-1781.2296
tournament,Tournament,Truist Championship,"May 7 - 10, 2026",course_hole_model|par3_scoring_avg|par4_scoring_avg|par5_scoring_avg|sg_ott|sg_t2g|sg_app,standard,Standard Model,false,0,0,1,Kristoffer Reitan,kristoffer reitan,E,0,E,0,0,false,NOT_STARTED,1,72,18,54,3,1|2|3|4|5|6|7|8|9|10|11|12|13|14|15|16|17|18|1|2|3|4|5|6|7|8|9|10|11|12|13|14|15|16|17|18|1|2|3|4|5|6|7|8|9|10|11|12|13|14|15|16|17|18|1|2|3|4|5|6|7|8|9|10|11|12|13|14|15|16|17|18,16,44,12,0.0% / 0.0%,0.000125,0.000125,0,0.000125,0.01,,,,,,,,,0.034017,0.04025,0.006067,0.006875,0.001156,0.0015,-21376.27,-21376.27,0,,,-21376.2727,1484.724165,,0,0,stat_feed,0,stat_feed,0,stat_feed,3.13,stat_feed,3.0684,4.06,stat_feed,4.0243,4.59,stat_feed,4.5947,0.5751,stat_feed,-0.3469,0.3426,stat_feed,-1781.4574,0.6372,stat_feed,-1781.2519,-0.3791,stat_feed,-1781.3827,0.0844,stat_feed,-1781.2196,0.1966,stat_feed,-1781.2296
tournament,Tournament,Truist Championship,"May 7 - 10, 2026",course_hole_model|par3_scoring_avg|par4_scoring_avg|par5_scoring_avg|sg_ott|sg_t2g|sg_app,standard,Standard Model,false,0,0,1,Denny McCarthy,denny mccarthy,E,0,E,0,0,false,NOT_STARTED,1,72,18,54,3,1|2|3|4|5|6|7|8|9|10|11|12|13|14|15|16|17|18|1|2|3|4|5|6|7|8|9|10|11|12|13|14|15|16|17|18|1|2|3|4|5|6|7|8|9|10|11|12|13|14|15|16|17|18|1|2|3|4|5|6|7|8|9|10|11|12|13|14|15|16|17|18,16,44,12,0.0% / 0.0%,0,0,0,0,0,,,,,,,,,0.028579,0.032875,0.00439,0.005125,0.0005,0.00075,-21375.75,-21375.75,0,,,-21375.7487,1484.566782,,0,0,stat_feed,0,stat_feed,0,stat_feed,2.99,stat_feed,3.0684,4.04,stat_feed,4.0243,4.61,stat_feed,4.5947,0.2827,stat_feed,-0.3469,-0.0976,stat_feed,-1781.4574,-0.2418,stat_feed,-1781.2519,0.0891,stat_feed,-1781.3827,0.0551,stat_feed,-1781.2196,0.4249,stat_feed,-1781.2296
tournament,Tournament,Truist Championship,"May 7 - 10, 2026",course_hole_model|par3_scoring_avg|par4_scoring_avg|par5_scoring_avg|sg_ott|sg_t2g|sg_app,standard,Standard Model,false,0,0,1,Justin Thomas,justin thomas,E,0,E,0,0,false,NOT_STARTED,1,72,18,54,3,1|2|3|4|5|6|7|8|9|10|11|12|13|14|15|16|17|18|1|2|3|4|5|6|7|8|9|10|11|12|13|14|15|16|17|18|1|2|3|4|5|6|7|8|9|10|11|12|13|14|15|16|17|18|1|2|3|4|5|6|7|8|9|10|11|12|13|14|15|16|17|18,16,44,12,0.0% / 0.0%,0.000012,0,0.000125,0.000125,0,,,,,,,,,0.025654,0.029875,0.003519,0.0045,0.000625,0.000625,-21375,-21375,0,,,-21375.0015,1484.669365,,0,0,stat_feed,0,stat_feed,0,stat_feed,3.05,stat_feed,3.0684,4.14,stat_feed,4.0243,4.61,stat_feed,4.5947,0.2312,stat_feed,-0.3469,0.6657,stat_feed,-1781.4574,0.1345,stat_feed,-1781.2519,0.1027,stat_feed,-1781.3827,0.4284,stat_feed,-1781.2196,-0.4345,stat_feed,-1781.2296
tournament,Tournament,Truist Championship,"May 7 - 10, 2026",course_hole_model|par3_scoring_avg|par4_scoring_avg|par5_scoring_avg|sg_ott|sg_t2g|sg_app,standard,Standard Model,false,0,0,1,Michael Kim,michael kim,E,0,E,0,0,false,NOT_STARTED,1,72,18,54,3,1|2|3|4|5|6|7|8|9|10|11|12|13|14|15|16|17|18|1|2|3|4|5|6|7|8|9|10|11|12|13|14|15|16|17|18|1|2|3|4|5|6|7|8|9|10|11|12|13|14|15|16|17|18|1|2|3|4|5|6|7|8|9|10|11|12|13|14|15|16|17|18,16,44,12,0.0% / 0.0%,0,0,0,0,0,,,,,,,,,0.018409,0.0215,0.002362,0.003,0.000281,0.000375,-21374.59,-21374.59,0,,,-21374.5879,1484.606745,,0,0,stat_feed,0,stat_feed,0,stat_feed,3.08,stat_feed,3.0684,4.02,stat_feed,4.0243,4.6,stat_feed,4.5947,0.434,stat_feed,-0.3469,-0.1254,stat_feed,-1781.4574,-0.3732,stat_feed,-1781.2519,0.0681,stat_feed,-1781.3827,0.1797,stat_feed,-1781.2196,0.5691,stat_feed,-1781.2296
tournament,Tournament,Truist Championship,"May 7 - 10, 2026",course_hole_model|par3_scoring_avg|par4_scoring_avg|par5_scoring_avg|sg_ott|sg_t2g|sg_app,standard,Standard Model,false,0,0,1,Tom Hoge,tom hoge,E,0,E,0,0,false,NOT_STARTED,1,72,18,54,3,1|2|3|4|5|6|7|8|9|10|11|12|13|14|15|16|17|18|1|2|3|4|5|6|7|8|9|10|11|12|13|14|15|16|17|18|1|2|3|4|5|6|7|8|9|10|11|12|13|14|15|16|17|18|1|2|3|4|5|6|7|8|9|10|11|12|13|14|15|16|17|18,16,44,12,0.0% / 0.0%,0,0,0,0,0,,,,,,,,,0.018671,0.022125,0.002544,0.003125,0.000281,0.000375,-21374.54,-21374.54,0,,,-21374.5439,1484.37356,,0,0,stat_feed,0,stat_feed,0,stat_feed,3.13,stat_feed,3.0684,4.02,stat_feed,4.0243,4.62,stat_feed,4.5947,-0.1047,stat_feed,-0.3469,-0.2271,stat_feed,-1781.4574,-0.3297,stat_feed,-1781.2519,0.3753,stat_feed,-1781.3827,-0.2728,stat_feed,-1781.2196,-0.0879,stat_feed,-1781.2296
tournament,Tournament,Truist Championship,"May 7 - 10, 2026",course_hole_model|par3_scoring_avg|par4_scoring_avg|par5_scoring_avg|sg_ott|sg_t2g|sg_app,standard,Standard Model,false,0,0,1,Mackenzie Hughes,mackenzie hughes,E,0,E,0,0,false,NOT_STARTED,1,72,18,54,3,1|2|3|4|5|6|7|8|9|10|11|12|13|14|15|16|17|18|1|2|3|4|5|6|7|8|9|10|11|12|13|14|15|16|17|18|1|2|3|4|5|6|7|8|9|10|11|12|13|14|15|16|17|18|1|2|3|4|5|6|7|8|9|10|11|12|13|14|15|16|17|18,16,44,12,0.0% / 0.0%,0,0,0,0,0,,,,,,,,,0.01625,0.0195,0.002088,0.002375,0.00025,0.00025,-21373.92,-21373.92,0,,,-21373.918,1484.504777,,0,0,stat_feed,0,stat_feed,0,stat_feed,3.06,stat_feed,3.0684,4.03,stat_feed,4.0243,4.6,stat_feed,4.5947,0.0765,stat_feed,-0.3469,-0.1677,stat_feed,-1781.4574,-0.1431,stat_feed,-1781.2519,-0.2571,stat_feed,-1781.3827,0.2325,stat_feed,-1781.2196,0.3993,stat_feed,-1781.2296
tournament,Tournament,Truist Championship,"May 7 - 10, 2026",course_hole_model|par3_scoring_avg|par4_scoring_avg|par5_scoring_avg|sg_ott|sg_t2g|sg_app,standard,Standard Model,false,0,0,1,Lucas Glover,lucas glover,E,0,E,0,0,false,NOT_STARTED,1,72,18,54,3,1|2|3|4|5|6|7|8|9|10|11|12|13|14|15|16|17|18|1|2|3|4|5|6|7|8|9|10|11|12|13|14|15|16|17|18|1|2|3|4|5|6|7|8|9|10|11|12|13|14|15|16|17|18|1|2|3|4|5|6|7|8|9|10|11|12|13|14|15|16|17|18,16,44,12,0.0% / 0.0%,0,0,0,0,0,,,,,,,,,0.012563,0.015375,0.002643,0.003,0.000258,0.000375,-21373.67,-21373.67,0,,,-21373.6715,1484.384426,,0,0,stat_feed,0,stat_feed,0,stat_feed,3.16,stat_feed,3.0684,4.07,stat_feed,4.0243,4.63,stat_feed,4.5947,-0.3335,stat_feed,-0.3469,0.0853,stat_feed,-1781.4574,-0.0541,stat_feed,-1781.2519,0.2693,stat_feed,-1781.3827,-0.1299,stat_feed,-1781.2196,-0.4187,stat_feed,-1781.2296
tournament,Tournament,Truist Championship,"May 7 - 10, 2026",course_hole_model|par3_scoring_avg|par4_scoring_avg|par5_scoring_avg|sg_ott|sg_t2g|sg_app,standard,Standard Model,false,0,0,1,Tony Finau,tony finau,E,0,E,0,0,false,NOT_STARTED,1,72,18,54,3,1|2|3|4|5|6|7|8|9|10|11|12|13|14|15|16|17|18|1|2|3|4|5|6|7|8|9|10|11|12|13|14|15|16|17|18|1|2|3|4|5|6|7|8|9|10|11|12|13|14|15|16|17|18|1|2|3|4|5|6|7|8|9|10|11|12|13|14|15|16|17|18,16,44,12,0.0% / 0.0%,0.000018,0,0.000125,0.000125,0,,,,,,,,,0.012926,0.015375,0.002773,0.003125,0.00075,0.00075,-21373.54,-21373.54,0,,,-21373.5357,1484.482523,,0,0,stat_feed,0,stat_feed,0,stat_feed,3.01,stat_feed,3.0684,4.09,stat_feed,4.0243,4.52,stat_feed,4.5947,0.0403,stat_feed,-0.3469,-0.0307,stat_feed,-1781.4574,-0.3506,stat_feed,-1781.2519,-0.0622,stat_feed,-1781.3827,0.3821,stat_feed,-1781.2196,0.028,stat_feed,-1781.2296
tournament,Tournament,Truist Championship,"May 7 - 10, 2026",course_hole_model|par3_scoring_avg|par4_scoring_avg|par5_scoring_avg|sg_ott|sg_t2g|sg_app,standard,Standard Model,false,0,0,1,Chandler Blanchet,chandler blanchet,E,0,E,0,0,false,NOT_STARTED,1,72,18,54,3,1|2|3|4|5|6|7|8|9|10|11|12|13|14|15|16|17|18|1|2|3|4|5|6|7|8|9|10|11|12|13|14|15|16|17|18|1|2|3|4|5|6|7|8|9|10|11|12|13|14|15|16|17|18|1|2|3|4|5|6|7|8|9|10|11|12|13|14|15|16|17|18,16,44,12,0.0% / 0.0%,0,0,0,0,0,,,,,,,,,0.012287,0.0145,0.00125,0.00125,0.0005,0.0005,-21373.3,-21373.3,0,,,-21373.3001,1484.197203,,0,0,stat_feed,0,stat_feed,0,stat_feed,3.11,stat_feed,3.0684,4.07,stat_feed,4.0243,4.59,stat_feed,4.5947,-0.5105,stat_feed,-0.3469,-0.3102,stat_feed,-1781.4574,0.1387,stat_feed,-1781.2519,0.0591,stat_feed,-1781.3827,-0.5081,stat_feed,-1781.2196,-0.574,stat_feed,-1781.2296
tournament,Tournament,Truist Championship,"May 7 - 10, 2026",course_hole_model|par3_scoring_avg|par4_scoring_avg|par5_scoring_avg|sg_ott|sg_t2g|sg_app,standard,Standard Model,false,0,0,1,Sungjae Im,sungjae im,E,0,E,0,0,false,NOT_STARTED,1,72,18,54,3,1|2|3|4|5|6|7|8|9|10|11|12|13|14|15|16|17|18|1|2|3|4|5|6|7|8|9|10|11|12|13|14|15|16|17|18|1|2|3|4|5|6|7|8|9|10|11|12|13|14|15|16|17|18|1|2|3|4|5|6|7|8|9|10|11|12|13|14|15|16|17|18,16,44,12,0.0% / 0.0%,0,0,0,0,0,,,,,,,,,0.011773,0.014125,0.002313,0.0025,0.000504,0.00075,-21373.23,-21373.23,0,,,-21373.2313,1484.56144,,0,0,stat_feed,0,stat_feed,0,stat_feed,3.11,stat_feed,3.0684,4.08,stat_feed,4.0243,4.63,stat_feed,4.5947,-0.049,stat_feed,-0.3469,0.25,stat_feed,-1781.4574,0.2094,stat_feed,-1781.2519,-0.359,stat_feed,-1781.3827,0.3995,stat_feed,-1781.2196,0.0295,stat_feed,-1781.2296
tournament,Tournament,Truist Championship,"May 7 - 10, 2026",course_hole_model|par3_scoring_avg|par4_scoring_avg|par5_scoring_avg|sg_ott|sg_t2g|sg_app,standard,Standard Model,false,0,0,1,Webb Simpson,webb simpson,E,0,E,0,0,false,NOT_STARTED,1,72,18,54,3,1|2|3|4|5|6|7|8|9|10|11|12|13|14|15|16|17|18|1|2|3|4|5|6|7|8|9|10|11|12|13|14|15|16|17|18|1|2|3|4|5|6|7|8|9|10|11|12|13|14|15|16|17|18|1|2|3|4|5|6|7|8|9|10|11|12|13|14|15|16|17|18,16,44,12,0.0% / 0.0%,0,0,0,0,0,,,,,,,,,0.004665,0.005625,0.0005,0.0005,0,0,-21371.18,-21371.18,0,,,-21371.1828,1484.258942,,0,0,stat_feed,0,stat_feed,0,stat_feed,3.0684,field_mean_fallback,3.0684,4.0243,field_mean_fallback,4.0243,4.5947,field_mean_fallback,4.5947,-0.3075,stat_feed,-0.3469,-0.7196,stat_feed,-1781.4574,-0.5001,stat_feed,-1781.2519,-0.0767,stat_feed,-1781.3827,-0.1428,stat_feed,-1781.2196,0.4121,stat_feed,-1781.2296
tournament,Tournament,Truist Championship,"May 7 - 10, 2026",course_hole_model|par3_scoring_avg|par4_scoring_avg|par5_scoring_avg|sg_ott|sg_t2g|sg_app,standard,Standard Model,false,0,0,1,Nico Echavarria,nico echavarria,E,0,E,0,0,false,NOT_STARTED,1,72,18,54,3,1|2|3|4|5|6|7|8|9|10|11|12|13|14|15|16|17|18|1|2|3|4|5|6|7|8|9|10|11|12|13|14|15|16|17|18|1|2|3|4|5|6|7|8|9|10|11|12|13|14|15|16|17|18|1|2|3|4|5|6|7|8|9|10|11|12|13|14|15|16|17|18,16,44,12,0.0% / 0.0%,0,0,0,0,0,,,,,,,,,0.002549,0.003625,0.000375,0.000375,0.000125,0.000125,-21369.89,-21369.89,0,,,-21369.894,1484.225236,,0,0,stat_feed,0,stat_feed,0,stat_feed,3.19,stat_feed,3.0684,3.99,stat_feed,4.0243,4.81,stat_feed,4.5947,-0.3913,stat_feed,-0.3469,-0.5851,stat_feed,-1781.4574,-0.0932,stat_feed,-1781.2519,-0.1856,stat_feed,-1781.3827,-0.3063,stat_feed,-1781.2196,0.0247,stat_feed,-1781.2296
tournament,Tournament,Truist Championship,"May 7 - 10, 2026",course_hole_model|par3_scoring_avg|par4_scoring_avg|par5_scoring_avg|sg_ott|sg_t2g|sg_app,standard,Standard Model,false,0,0,1,Jhonattan Vegas,jhonattan vegas,E,0,E,0,0,false,NOT_STARTED,1,72,18,54,3,1|2|3|4|5|6|7|8|9|10|11|12|13|14|15|16|17|18|1|2|3|4|5|6|7|8|9|10|11|12|13|14|15|16|17|18|1|2|3|4|5|6|7|8|9|10|11|12|13|14|15|16|17|18|1|2|3|4|5|6|7|8|9|10|11|12|13|14|15|16|17|18,16,44,12,0.0% / 0.0%,0,0,0,0,0,,,,,,,,,0.001735,0.00225,0.000292,0.000375,0,0,-21369.27,-21369.27,0,,,-21369.2688,1484.148536,,0,0,stat_feed,0,stat_feed,0,stat_feed,3.18,stat_feed,3.0684,4.05,stat_feed,4.0243,4.7,stat_feed,4.5947,-0.8618,stat_feed,-0.3469,-0.5575,stat_feed,-1781.4574,0.019,stat_feed,-1781.2519,-0.1917,stat_feed,-1781.3827,-0.3848,stat_feed,-1781.2196,-0.02,stat_feed,-1781.2296
tournament,Tournament,Truist Championship,"May 7 - 10, 2026",course_hole_model|par3_scoring_avg|par4_scoring_avg|par5_scoring_avg|sg_ott|sg_t2g|sg_app,standard,Standard Model,false,0,0,1,Brian Campbell,brian campbell,E,0,E,0,0,false,NOT_STARTED,1,72,18,54,3,1|2|3|4|5|6|7|8|9|10|11|12|13|14|15|16|17|18|1|2|3|4|5|6|7|8|9|10|11|12|13|14|15|16|17|18|1|2|3|4|5|6|7|8|9|10|11|12|13|14|15|16|17|18|1|2|3|4|5|6|7|8|9|10|11|12|13|14|15|16|17|18,16,44,12,0.0% / 0.0%,0,0,0,0,0,,,,,,,,,0.000125,0.000125,0,0,0,0,-21361.14,-21361.14,0,,,-21361.1399,1483.969082,,0,0,stat_feed,0,stat_feed,0,stat_feed,3.16,stat_feed,3.0684,4.09,stat_feed,4.0243,4.72,stat_feed,4.5947,-0.9676,stat_feed,-0.3469,-1.219,stat_feed,-1781.4574,-0.6223,stat_feed,-1781.2519,-0.5012,stat_feed,-1781.3827,-0.0955,stat_feed,-1781.2196,0.3319,stat_feed,-1781.2296
